League,Season,Club,Expenditure,Income,Net Balance
Premier League,2022,Chelsea FC,630250000.0,67860000.0,-562390000.0
Premier League,2022,Manchester United,243150000.0,23650000.0,-219500000.0
Premier League,2022,Nottingham Forest,198350000.0,5000000.0,-193350000.0
Premier League,2022,West Ham United,196600000.0,21550000.0,-175050000.0
Premier League,2022,Newcastle United,189100000.0,14060000.0,-175040000.0
Premier League,2022,Arsenal FC,186400000.0,23800000.0,-162600000.0
Premier League,2022,Tottenham Hotspur,179900000.0,38750000.0,-141150000.0
Premier League,2022,Wolverhampton Wanderers,179510000.0,64870000.00000001,-114640000.0
Premier League,2022,Leeds United,163890000.0,114500000.0,-49390000.0
Premier League,2022,Manchester City,155000000.0,162170000.0,7170000.0
Premier League,2022,Southampton FC,154210000.0,5500000.0,-148710000.0
Premier League,2022,Liverpool FC,140900000.0,80100000.0,-60800000.0
Premier League,2022,Aston Villa,113000000.0,54000000.0,-59000000.0
Premier League,2022,AFC Bournemouth,93400000.0,0.0,-93400000.0
Premier League,2022,Everton FC,83070000.0,103600000.0,20530000.0
Premier League,2022,Fulham FC,76100000.0,25400000.0,-50700000.0
Premier League,2022,Brighton & Hove Albion,55700000.0,138400000.0,82700000.0
Premier League,2022,Brentford FC,49250000.0,3600000.0,-45650000.0
Premier League,2022,Leicester City,49000000.0,81400000.0,32400000.0
Premier League,2022,Crystal Palace,46600000.0,5460000.0,-41150000.0
Premier League,2023,Chelsea FC,464100000.0,282200000.0,-181900000.0
Premier League,2023,Tottenham Hotspur,272100000.0,120700000.0,-151400000.0
Premier League,2023,Manchester City,259600000.00000003,138800000.0,-120800000.0
Premier League,2023,Arsenal FC,235100000.0,69200000.0,-165900000.0
Premier League,2023,Manchester United,210700000.0,63770000.0,-146930000.0
Premier League,2023,Liverpool FC,172000000.0,60700000.0,-111300000.0
Premier League,2023,Newcastle United,150000000.0,44600000.0,-105400000.0
Premier League,2023,West Ham United,144560000.0,172860000.0,28300000.0
Premier League,2023,Nottingham Forest,131630000.0,82820000.0,-48810000.0
Premier League,2023,AFC Bournemouth,129889999.99999999,1500000.0,-128389999.99999999
Premier League,2023,Aston Villa,111500000.0,33159999.999999996,-78340000.0
Premier League,2023,Burnley FC,111050000.0,3800000.0,-107250000.0
Premier League,2023,Brighton & Hove Albion,106850000.0,189000000.0,82150000.0
Premier League,2023,Wolverhampton Wanderers,94000000.0,169200000.0,75200000.0
Premier League,2023,Fulham FC,73170000.0,53200000.0,-19970000.0
Premier League,2023,Brentford FC,72350000.0,10250000.0,-62100000.0
Premier League,2023,Crystal Palace,67800000.0,0.0,-67800000.0
Premier League,2023,Sheffield United,66950000.0,30900000.0,-36050000.0
Premier League,2023,Everton FC,40500000.0,82800000.0,42300000.0
Premier League,2023,Luton Town,25900000.0,300000.0,-25600000.0
Premier League,2024,Chelsea FC,281900000.0,236400000.0,-45500000.0
Premier League,2024,Brighton & Hove Albion,281450000.0,49990000.0,-231460000.0
Premier League,2024,Manchester United,246300000.0,117200000.0,-129100000.0
Premier League,2024,Manchester City,243000000.0,141700000.0,-101300000.0
Premier League,2024,Aston Villa,214200000.0,257170000.00000003,42970000.0
Premier League,2024,Tottenham Hotspur,185350000.0,56300000.0,-129050000.00000001
Premier League,2024,Ipswich Town,152590000.0,2360000.0,-150230000.0
Premier League,2024,West Ham United,144400000.0,46150000.0,-98250000.0
Premier League,2024,AFC Bournemouth,134900000.0,66090000.0,-68820000.0
Premier League,2024,Southampton FC,123050000.0,41590000.0,-81460000.0
Premier League,2024,Wolverhampton Wanderers,119400000.0,116200000.0,-3210000.0
Premier League,2024,Arsenal FC,108900000.0,83790000.0,-25110000.0
Premier League,2024,Nottingham Forest,105500000.0,86700000.0,-18800000.0
Premier League,2024,Brentford FC,98400000.0,74500000.0,-23900000.0
Premier League,2024,Crystal Palace,91900000.0,100700000.0,8800000.0
Premier League,2024,Fulham FC,91550000.0,68800000.0,-22750000.0
Premier League,2024,Leicester City,91050000.0,47250000.0,-43800000.0
Premier League,2024,Newcastle United,68200000.0,89550000.0,21350000.0
Premier League,2024,Everton FC,50200000.0,84150000.0,33950000.0
Premier League,2024,Liverpool FC,42000000.0,47000000.0,5000000.0
Bundesliga,2022,Bayern Munich,146500000.0,121900000.0,-24600000.0
Bundesliga,2022,Borussia Dortmund,104600000.0,82000000.0,-22600000.0
Bundesliga,2022,RB Leipzig,59500000.0,77470000.0,17970000.0
Bundesliga,2022,VfL Wolfsburg,36250000.0,22780000.0,-13470000.0
Bundesliga,2022,Eintracht Frankfurt,28500000.0,20890000.0,-7610000.0
Bundesliga,2022,1.FC Union Berlin,24650000.0,30670000.0,6020000.0
Bundesliga,2022,Borussia Mönchengladbach,24000000.0,23000000.0,-1000000.0
Bundesliga,2022,1.FSV Mainz 05,23800000.0,28050000.0,4250000.0
Bundesliga,2022,TSG 1899 Hoffenheim,19800000.0,73550000.0,53750000.0
Bundesliga,2022,SC Freiburg,17800000.0,25130000.0,7330000.0
Bundesliga,2022,VfB Stuttgart,15790000.0,52600000.0,36810000.0
Bundesliga,2022,Bayer 04 Leverkusen,15100000.0,10200000.0,-4900000.0
Bundesliga,2022,FC Augsburg,14140000.0,6850000.0,-7290000.0
Bundesliga,2022,Hertha BSC,8850000.0,23650000.0,14800000.0
Bundesliga,2022,FC Schalke 04,8630000.0,25550000.0,16920000.0
Bundesliga,2022,1.FC Köln,7250000.0,13320000.0,6070000.0
Bundesliga,2022,SV Werder Bremen,4000000.0,2950000.0,-1050000.0
Bundesliga,2022,VfL Bochum,1790000.0,17050000.0,15270000.0
Bundesliga,2023,Bayern Munich,187500000.0,175420000.0,-12080000.0
Bundesliga,2023,RB Leipzig,187150000.0,243700000.0,56550000.0
Bundesliga,2023,Eintracht Frankfurt,88100000.0,149500000.0,61400000.0
Bundesliga,2023,Bayer 04 Leverkusen,83900000.0,68500000.0,-15400000.0
Bundesliga,2023,VfL Wolfsburg,75800000.0,72100000.0,-3700000.0
Bundesliga,2023,Borussia Dortmund,68550000.0,137350000.0,68800000.0
Bundesliga,2023,TSG 1899 Hoffenheim,45300000.0,37500000.0,-7800000.0
Bundesliga,2023,1.FC Union Berlin,38250000.0,7650000.0,-30600000.0
Bundesliga,2023,Borussia Mönchengladbach,29480000.0,25000000.0,-4480000.0
Bundesliga,2023,VfB Stuttgart,22450000.0,50650000.0,28200000.0
Bundesliga,2023,1.FSV Mainz 05,10000000.0,24550000.0,14550000.0
Bundesliga,2023,FC Augsburg,9650000.0,28200000.0,18550000.0
Bundesliga,2023,SV Werder Bremen,9000000.0,31360000.0,22360000.0
Bundesliga,2023,SC Freiburg,8500000.0,42800000.0,34300000.0
Bundesliga,2023,SV Darmstadt 98,4099999.9999999995,2330000.0,-1780000.0
Bundesliga,2023,1.FC Köln,2500000.0,3100000.0,600000.0
Bundesliga,2023,VfL Bochum,2450000.0,0.0,-2450000.0
Bundesliga,2023,1.FC Heidenheim 1846,2300000.0,0.0,-2300000.0
Bundesliga,2024,Bayern Munich,149000000.0,84350000.0,-64650000.00000001
Bundesliga,2024,RB Leipzig,119500000.0,63200000.0,-56300000.0
Bundesliga,2024,VfB Stuttgart,93650000.0,80120000.0,-13530000.0
Bundesliga,2024,Eintracht Frankfurt,91850000.0,125540000.0,33690000.0
Bundesliga,2024,Borussia Dortmund,90200000.0,58600000.0,-31600000.0
Bundesliga,2024,TSG 1899 Hoffenheim,78500000.0,31600000.0,-46900000.0
Bundesliga,2024,Bayer 04 Leverkusen,53000000.0,31350000.0,-21650000.0
Bundesliga,2024,VfL Wolfsburg,44500000.0,25450000.0,-19050000.0
Bundesliga,2024,SC Freiburg,18800000.0,11700000.0,-7100000.0
Bundesliga,2024,1.FC Union Berlin,17500000.0,25300000.0,7800000.0
Bundesliga,2024,FC Augsburg,14900000.0,44450000.0,29550000.0
Bundesliga,2024,1.FSV Mainz 05,10550000.0,37000000.0,26450000.0
Bundesliga,2024,1.FC Heidenheim 1846,8050000.000000001,15500000.0,7450000.0
Bundesliga,2024,Borussia Mönchengladbach,8000000.0,18300000.0,10300000.0
Bundesliga,2024,Holstein Kiel,7400000.0,1000000.0,-6400000.0
Bundesliga,2024,SV Werder Bremen,6830000.0,5700000.0,-1130000.0
Bundesliga,2024,FC St. Pauli,2250000.0,1500000.0,-750000.0
Bundesliga,2024,VfL Bochum,600000.0,4800000.0,4200000.0
La Liga,2022,FC Barcelona,159000000.0,39500000.0,-119500000.0
La Liga,2022,Real Madrid,80000000.0,99150000.0,19150000.0
La Liga,2022,Real Sociedad,55000000.0,88000000.0,33000000.0
La Liga,2022,UD Almería,37080000.0,22200000.0,-14880000.0
La Liga,2022,Sevilla FC,30400000.0,91500000.0,61100000.0
La Liga,2022,Atlético de Madrid,29500000.0,28250000.0,-1250000.0
La Liga,2022,Real Betis Balompié,27400000.0,14750000.0,-12650000.0
La Liga,2022,Celta de Vigo,25730000.0,17200000.0,-8530000.0
La Liga,2022,Girona FC,22000000.0,750000.0,-21250000.0
La Liga,2022,RCD Espanyol Barcelona,20600000.0,17800000.0,-2800000.0
La Liga,2022,Getafe CF,15750000.0,20500000.0,4750000.0
La Liga,2022,Rayo Vallecano,14300000.0,200000.0,-14100000.0
La Liga,2022,RCD Mallorca,13420000.0,5300000.0,-8119999.999999999
La Liga,2022,Elche CF,13160000.0,9400000.0,-3760000.0
La Liga,2022,Valencia CF,12500000.0,54600000.0,42100000.0
La Liga,2022,Real Valladolid CF,12300000.0,1300000.0,-11000000.0
La Liga,2022,Cádiz CF,11500000.0,1000000.0,-10500000.0
La Liga,2022,Villarreal CF,6480000.0,31600000.0,25120000.0
La Liga,2022,CA Osasuna,2000000.0,250000.0,-1750000.0
La Liga,2022,Athletic Bilbao,0.0,0.0,-0.0
La Liga,2023,Real Madrid,159500000.0,7000000.0,-152500000.0
La Liga,2023,Atlético de Madrid,56500000.0,103100000.0,46600000.0
La Liga,2023,UD Almería,54750000.0,52300000.0,-2450000.0
La Liga,2023,Real Betis Balompié,33700000.0,70500000.0,36800000.0
La Liga,2023,FC Barcelona,33400000.0,131699999.99999999,98300000.0
La Liga,2023,Sevilla FC,32000000.0,26600000.0,-5400000.0
La Liga,2023,Celta de Vigo,31200000.0,46200000.0,15000000.0
La Liga,2023,RCD Mallorca,24300000.0,22000000.0,-2300000.0
La Liga,2023,Girona FC,22250000.0,17900000.0,-4350000.0
La Liga,2023,Real Sociedad,20400000.0,17800000.0,-2600000.0
La Liga,2023,Granada CF,19190000.0,10450000.0,-8740000.0
La Liga,2023,Rayo Vallecano,17300000.0,5700000.0,-11600000.0
La Liga,2023,Villarreal CF,12500000.0,113000000.0,100500000.0
La Liga,2023,Getafe CF,11000000.0,7040000.0,-3960000.0
La Liga,2023,Valencia CF,10400000.0,28900000.0,18500000.0
La Liga,2023,Deportivo Alavés,10400000.0,2500000.0,-7900000.0
La Liga,2023,CA Osasuna,6500000.0,4300000.0,-2200000.0
La Liga,2023,Cádiz CF,6000000.0,10000000.0,4000000.0
La Liga,2023,UD Las Palmas,4800000.0,0.0,-4800000.0
La Liga,2023,Athletic Bilbao,0.0,0.0,-0.0
La Liga,2024,Atlético de Madrid,188000000.0,114980000.0,-73030000.0
La Liga,2024,Villarreal CF,69000000.0,74500000.0,5500000.0
La Liga,2024,FC Barcelona,60500000.0,66800000.0,6300000.0
La Liga,2024,Real Madrid,49000000.0,16000000.0,-33000000.0
La Liga,2024,Girona FC,46200000.0,59800000.0,13600000.0
La Liga,2024,Real Sociedad,45200000.0,71350000.0,26150000.0
La Liga,2024,Real Betis Balompié,41050000.0,61200000.0,20150000.0
La Liga,2024,Sevilla FC,20000000.0,32850000.0,12850000.0
La Liga,2024,Athletic Bilbao,18000000.0,9250000.0,-8750000.0
La Liga,2024,Real Valladolid CF,16680000.0,18600000.0,1930000.0
La Liga,2024,Celta de Vigo,11200000.0,20500000.0,9300000.0
La Liga,2024,Deportivo Alavés,11000000.0,19370000.0,8369999.999999999
La Liga,2024,Getafe CF,9200000.0,30800000.0,21600000.0
La Liga,2024,CA Osasuna,8050000.000000001,8950000.0,900000.0
La Liga,2024,UD Las Palmas,4000000.0,8230000.0,4230000.0
La Liga,2024,CD Leganés,3810000.0,4000000.0,195000.0
La Liga,2024,Valencia CF,2870000.0,30000000.0,27130000.0
La Liga,2024,RCD Mallorca,2350000.0,14000000.0,11650000.0
La Liga,2024,RCD Espanyol Barcelona,400000.0,1550000.0,1150000.0
La Liga,2024,Rayo Vallecano,0.0,2000000.0,2000000.0
Serie A,2022,Juventus FC,124450000.0,111590000.0,-12860000.0
Serie A,2022,Atalanta BC,108450000.0,137350000.0,28900000.0
Serie A,2022,SSC Napoli,79300000.0,86180000.0,6880000.0
Serie A,2022,Udinese Calcio,71460000.0,62600000.0,-8860000.0
Serie A,2022,Inter Milan,65680000.00000001,24850000.0,-40830000.0
Serie A,2022,AC Milan,61790000.0,11110000.0,-50680000.0
Serie A,2022,Bologna FC 1909,52300000.0,43950000.0,-8350000.0
Serie A,2022,US Sassuolo,51280000.0,79360000.0,28080000.0
Serie A,2022,AC Monza,51000000.0,185000.0,-50820000.0
Serie A,2022,US Salernitana 1919,48370000.0,24520000.0,-23850000.0
Serie A,2022,Hellas Verona,42880000.0,36560000.0,-6330000.0
Serie A,2022,SS Lazio,41650000.0,42350000.0,698000.0
Serie A,2022,ACF Fiorentina,37610000.0,52400000.0,14790000.0
Serie A,2022,US Cremonese,36650000.0,500000.0,-36150000.0
Serie A,2022,Torino FC,32680000.0,57220000.0,24540000.0
Serie A,2022,Spezia Calcio,18320000.0,32970000.0,14660000.0
Serie A,2022,FC Empoli,15850000.0,30610000.0,14760000.0
Serie A,2022,AS Roma,9400000.0,81420000.0,72020000.0
Serie A,2022,UC Sampdoria,6770000.0,35600000.0,28830000.0
Serie A,2022,US Lecce,6630000.0,3600000.0,-3030000.0
Serie A,2023,AC Milan,132680000.0,74320000.0,-58360000.0
Serie A,2023,SSC Napoli,119810000.0,102500000.0,-17310000.0
Serie A,2023,Bologna FC 1909,97870000.0,25400000.0,-72460000.0
Serie A,2023,Juventus FC,95450000.0,66730000.00000001,-28720000.0
Serie A,2023,Atalanta BC,81360000.0,160770000.0,79410000.0
Serie A,2023,Inter Milan,73500000.0,127030000.0,53530000.0
Serie A,2023,US Sassuolo,61310000.0,104340000.0,43030000.0
Serie A,2023,Genoa CFC,53630000.0,33970000.0,-19660000.0
Serie A,2023,ACF Fiorentina,45750000.0,67530000.0,21780000.0
Serie A,2023,Torino FC,45400000.0,16770000.0,-28630000.0
Serie A,2023,AC Monza,45300000.0,350000.0,-44950000.0
Serie A,2023,SS Lazio,40300000.0,48800000.0,8500000.0
Serie A,2023,Udinese Calcio,36250000.0,34600000.0,-1650000.0
Serie A,2023,US Salernitana 1919,28550000.0,4960000.0,-23590000.0
Serie A,2023,US Lecce,27270000.0,27450000.0,180000.0
Serie A,2023,Cagliari Calcio,26440000.0,18370000.0,-8070000.0
Serie A,2023,AS Roma,24600000.0,81480000.0,56880000.0
Serie A,2023,Hellas Verona,13900000.0,101310000.0,87410000.0
Serie A,2023,FC Empoli,13400000.0,66200000.0,52800000.0
Serie A,2023,Frosinone Calcio,12660000.0,9750000.0,-2910000.0
Serie A,2024,Juventus FC,201400000.0,114030000.0,-87370000.0
Serie A,2024,SSC Napoli,151660000.0,82500000.0,-69160000.0
Serie A,2024,AC Milan,129500000.0,53310000.0,-76190000.0
Serie A,2024,AS Roma,126970000.0,30500000.0,-96470000.0
Serie A,2024,Atalanta BC,116900000.0,118590000.0,1690000.0
Serie A,2024,Como 1907,97700000.0,3900000.0,-93800000.0
Serie A,2024,Inter Milan,76800000.0,19430000.0,-57370000.0
Serie A,2024,ACF Fiorentina,69570000.0,37600000.0,-31970000.0
Serie A,2024,Parma Calcio 1913,54400000.0,9100000.0,-45300000.0
Serie A,2024,SS Lazio,53650000.0,25750000.0,-27900000.0
Serie A,2024,Bologna FC 1909,51880000.0,104550000.0,52670000.0
Serie A,2024,Torino FC,41330000.0,61700000.0,20370000.0
Serie A,2024,Genoa CFC,34900000.0,45450000.0,10550000.0
Serie A,2024,Udinese Calcio,23950000.0,30480000.0,6530000.0
Serie A,2024,Venezia FC,21550000.0,16800000.0,-4750000.0
Serie A,2024,Hellas Verona,15450000.0,44130000.0,28680000.0
Serie A,2024,AC Monza,13180000.0,48960000.0,35790000.0
Serie A,2024,US Lecce,12700000.0,59000000.0,46300000.0
Serie A,2024,Cagliari Calcio,11400000.0,18000000.0,6600000.0
Serie A,2024,FC Empoli,0.0,10750000.0,10750000.0
Ligue 1,2022,Paris Saint-Germain,147000000.0,61800000.0,-85200000.0
Ligue 1,2022,Olympique Marseille,121550000.0,37480000.0,-84080000.0
Ligue 1,2022,Stade Rennais FC,84000000.0,95000000.0,11000000.0
Ligue 1,2022,OGC Nice,83000000.0,49200000.0,-33800000.0
Ligue 1,2022,RC Lens,43940000.0,51550000.0,7610000.0
Ligue 1,2022,AS Monaco,43500000.0,156200000.0,112700000.0
Ligue 1,2022,Olympique Lyon,32450000.000000004,79850000.0,47400000.0
Ligue 1,2022,FC Lorient,30200000.0,39450000.0,9250000.0
Ligue 1,2022,LOSC Lille,25500000.0,106770000.0,81270000.0
Ligue 1,2022,ESTAC Troyes,24800000.0,10000000.0,-14800000.0
Ligue 1,2022,Stade Reims,20400000.0,28950000.0,8550000.0
Ligue 1,2022,FC Toulouse,14700000.0,11000000.0,-3700000.0
Ligue 1,2022,FC Nantes,12450000.0,0.0,-12450000.0
Ligue 1,2022,Montpellier HSC,9500000.0,10000000.0,500000.0
Ligue 1,2022,RC Strasbourg Alsace,7000000.0,10900000.0,3900000.0
Ligue 1,2022,Angers SCO,6000000.0,39000000.0,33000000.0
Ligue 1,2022,Stade Brestois 29,5350000.0,2100000.0,-3250000.0
Ligue 1,2022,Clermont Foot 63,2300000.0,21400000.0,19100000.0
Ligue 1,2022,AJ Auxerre,2250000.0,500000.0,-1750000.0
Ligue 1,2022,AC Ajaccio,300000.0,600000.0,300000.0
Ligue 1,2023,Paris Saint-Germain,454500000.0,210650000.0,-243850000.0
Ligue 1,2023,Olympique Marseille,102600000.0,79100000.0,-23500000.0
Ligue 1,2023,AS Monaco,84600000.0,62000000.0,-22600000.0
Ligue 1,2023,Stade Rennais FC,84400000.0,146500000.0,62100000.0
Ligue 1,2023,Olympique Lyon,83220000.0,107460000.0,24240000.0
Ligue 1,2023,RC Lens,64250000.0,69040000.0,4790000.0
Ligue 1,2023,RC Strasbourg Alsace,60700000.0,43100000.0,-17600000.0
Ligue 1,2023,Stade Reims,53850000.0,74550000.0,20700000.0
Ligue 1,2023,OGC Nice,52500000.0,18890000.0,-33610000.0
Ligue 1,2023,LOSC Lille,39450000.0,43100000.0,3650000.0
Ligue 1,2023,FC Lorient,28900000.0,59200000.0,30300000.0
Ligue 1,2023,FC Nantes,28250000.0,37800000.0,9550000.0
Ligue 1,2023,FC Toulouse,18250000.0,14200000.0,-4050000.0
Ligue 1,2023,Montpellier HSC,9580000.0,37750000.0,28170000.0
Ligue 1,2023,Clermont Foot 63,7100000.0,16300000.0,9200000.0
Ligue 1,2023,FC Metz,6330000.0,30000000.0,23670000.0
Ligue 1,2023,Stade Brestois 29,3500000.0,8600000.0,5100000.0
Ligue 1,2023,Le Havre AC,2900000.0,0.0,-2900000.0
Ligue 1,2024,Paris Saint-Germain,245920000.0,145100000.0,-100820000.0
Ligue 1,2024,Stade Rennais FC,154650000.0,177300000.0,22650000.0
Ligue 1,2024,Olympique Lyon,147790000.0,68050000.0,-79740000.0
Ligue 1,2024,Olympique Marseille,110500000.0,100800000.0,-9700000.0
Ligue 1,2024,AS Monaco,88750000.0,56100000.0,-32650000.0
Ligue 1,2024,RC Strasbourg Alsace,61900000.0,0.0,-61900000.0
Ligue 1,2024,LOSC Lille,25340000.0,62000000.0,36660000.0
Ligue 1,2024,RC Lens,24700000.0,96740000.0,72040000.0
Ligue 1,2024,AS Saint-Étienne,23100000.0,15000000.0,-8100000.0
Ligue 1,2024,OGC Nice,20700000.0,24000000.0,3300000.0
Ligue 1,2024,Stade Reims,13850000.0,53200000.0,39350000.0
Ligue 1,2024,Stade Brestois 29,12200000.0,6400000.0,-5800000.0
Ligue 1,2024,FC Nantes,10250000.0,11300000.0,1050000.0
Ligue 1,2024,FC Toulouse,7500000.0,55300000.0,47800000.0
Ligue 1,2024,AJ Auxerre,4400000.0,5400000.0,1000000.0
Ligue 1,2024,Le Havre AC,0.0,9750000.0,9750000.0
Ligue 1,2024,Montpellier HSC,0.0,27000000.0,27000000.0
Ligue 1,2024,Angers SCO,0.0,474000.0,474000.0
